{
  "total": 22175051,
  "normalized": [
    [
      ".overlay",
      {
        "position": 1,
        "width": 0.8551953685892413,
        "height": 0.5265353942815961,
        "top": 0.9991335228865853,
        "left": 0,
        "background": 0.9978445914487077
      }
    ],
    [
      ".overlay-hugeinc",
      {
        "opacity": 0,
        "visibility": 0,
        "transition": 0
      }
    ],
    [
      ".overlay-hugeinc.open",
      {
        "opacity": 0.999973231910096,
        "visibility": 1,
        "transition": 0
      }
    ]
  ],
  "unnormalized": [
    [
      ".overlay",
      {
        "position": 3477340,
        "width": 2973811,
        "height": 1830962,
        "top": 3474327,
        "left": 41,
        "background": 3469845
      }
    ],
    [
      ".overlay-hugeinc",
      {
        "opacity": 41,
        "visibility": 41,
        "transition": 41
      }
    ],
    [
      ".overlay-hugeinc.open",
      {
        "opacity": 3474234,
        "visibility": 3474327,
        "transition": 41
      }
    ]
  ]
}
