{
  "original": 84,
  "numFiltered": 47,
  "numPruned": 7,
  "prunedProps": [
    "list-style",
    "bottom",
    "right",
    "visibility",
    "opacity",
    "transition",
    "visibility"
  ],
  "percentReductionFromOriginal": 0.6428571428571429,
  "percentReductionFromFiltered": 0.1891891891891892,
  "totalDiffScore": 3446665,
  "normalized": [
    [
      ".cd-tour-wrapper.active",
      {
        "visibility": -83.01158556769282,
        "opacity": 1,
        "transition": 0
      }
    ],
    [
      ".cd-tour-wrapper",
      {
        "max-width": 1,
        "max-height": 0
      }
    ],
    [
      ".cd-tour-wrapper",
      {
        "position": 0.28709602387997984,
        "z-index": 0.011035445229818962,
        "height": 0.6174486670887875,
        "width": 0,
        "left": 0.6629666481450373,
        "top": 0.49158773437399045,
        "bottom": -1.6388992983317612,
        "right": -1.6388992983317612,
        "transform": 1,
        "visibility": -1.6388992983317612,
        "opacity": -1.6388992983317612,
        "transition": -1.6388992983317612
      }
    ],
    [
      "ul",
      {
        "list-style": 0
      }
    ]
  ],
  "unnormalized": [
    [
      ".cd-tour-wrapper.active",
      {
        "visibility": -1,
        "opacity": 253798,
        "transition": 250777
      }
    ],
    [
      ".cd-tour-wrapper",
      {
        "max-width": 483652,
        "max-height": 207655
      }
    ],
    [
      ".cd-tour-wrapper",
      {
        "position": 298093,
        "z-index": 255366,
        "height": 349223,
        "width": 253658,
        "left": 356268,
        "top": 329743,
        "bottom": -1,
        "right": -1,
        "transform": 408432,
        "visibility": -1,
        "opacity": -1,
        "transition": -1
      }
    ],
    [
      "ul",
      {
        "list-style": -1
      }
    ]
  ]
}
