{
  "total": 4807595,
  "normalized": [
    [
      ".tooltip-content",
      {
        "position": 0.6806999821736288,
        "z-index": 0.005978436693274176,
        "width": 0.44797670687503716,
        "left": 0.12466905672087204,
        "margin": 0.6865595763926027,
        "bottom": 1,
        "text-align": 0,
        "font-size": 0.39500597513551344,
        "line-height": 0.005978436693274176,
        "box-shadow": 0.0177240345699553,
        "background": 0.20850581998006087,
        "opacity": 0.4094717452017351,
        "cursor": 0.005978436693274176,
        "pointer-events": 0.005978436693274176
      }
    ],
    [
      ".tooltip-effect-1 .tooltip-content",
      {
        "-webkit-transform": 0,
        "transform": 0,
        "-webkit-transition": 0,
        "transition": 0
      }
    ],
    [
      ".tooltip:hover .tooltip-content",
      {
        "pointer-events": 0,
        "opacity": 1,
        "-webkit-transform": 0,
        "transform": 0.21709407094701028
      }
    ]
  ],
  "unnormalized": [
    [
      ".tooltip-content",
      {
        "position": 363798,
        "z-index": 159410,
        "width": 293301,
        "left": 195364,
        "margin": 365573,
        "bottom": 460521,
        "text-align": 157599,
        "font-size": 277255,
        "line-height": 159410,
        "box-shadow": 162968,
        "background": 220760,
        "opacity": 281637,
        "cursor": 159410,
        "pointer-events": 159410
      }
    ],
    [
      ".tooltip-effect-1 .tooltip-content",
      {
        "-webkit-transform": 159410,
        "transform": 159410,
        "-webkit-transition": 159410,
        "transition": 159410
      }
    ],
    [
      ".tooltip:hover .tooltip-content",
      {
        "pointer-events": 159410,
        "opacity": 254636,
        "-webkit-transform": 159410,
        "transform": 180083
      }
    ]
  ]
}
