{
  "total": 8088712,
  "normalized": [
    [
      ".pricing__item",
      {
        "position": 0,
        "flex-direction": 1,
        "align-items": 0,
        "text-align": 0.052893073874366835,
        "flex": 0.35132598427590506
      }
    ],
    [
      ".pricing--sonam .pricing__item",
      {
        "margin": 0.49841905084733407,
        "padding": 0.29027684378764435,
        "cursor": 0,
        "border-radius": 0.0008601821326320662,
        "background": 1,
        "box-shadow": 0,
        "transition": 0
      }
    ]
  ],
  "unnormalized": [
    [
      ".pricing__item",
      {
        "position": 530639,
        "flex-direction": 1056965,
        "align-items": 530639,
        "text-align": 558478,
        "flex": 715551
      }
    ],
    [
      ".pricing--sonam .pricing__item",
      {
        "margin": 804132,
        "padding": 689920,
        "cursor": 530639,
        "border-radius": 531111,
        "background": 1079360,
        "box-shadow": 530639,
        "transition": 530639
      }
    ]
  ]
}
