{
  "total": 607536,
  "normalized": [
    [
      ".cbp_tmtimeline > li .cbp_tmicon",
      {
        "width": 0.010157947700789009,
        "height": 0,
        "font-family": 0.0012013796724371782,
        "speak": 0,
        "font-style": 0,
        "font-weight": 0,
        "font-variant": 0,
        "text-transform": 0,
        "font-size": 0.0012834162206309158,
        "line-height": 0.0012597167733749471,
        "-webkit-font-smoothing": 0.000016407309638747504,
        "position": 1,
        "color": 0.0014766578674872753,
        "background": 0.006685067160587454,
        "border-radius": 0.006934822873977278,
        "box-shadow": 0.008017705310134612,
        "text-align": 0.0019305934341592894,
        "left": 0.03109367479983082,
        "top": 0.014742879227616783,
        "margin": 0.021519098108419503
      }
    ]
  ],
  "unnormalized": [
    [
      ".cbp_tmtimeline > li .cbp_tmicon",
      {
        "width": 5606,
        "height": 34,
        "font-family": 693,
        "speak": 34,
        "font-style": 34,
        "font-weight": 34,
        "font-variant": 34,
        "text-transform": 34,
        "font-size": 738,
        "line-height": 725,
        "-webkit-font-smoothing": 43,
        "position": 548570,
        "color": 844,
        "background": 3701,
        "border-radius": 3838,
        "box-shadow": 4432,
        "text-align": 1093,
        "left": 17090,
        "top": 8121,
        "margin": 11838
      }
    ]
  ]
}
